{
 "0xcdC74a1942FE68C1cA64Fa394132D7c11DC615Cb": {
  "eth": 4.383638053112161,
  "usdt-eth": 0,
  "usdc-eth": 0,
  "matic": 0.9738575570883922,
  "usdt-polygon": 0,
  "usdc-polygon": 0,
  "bnb": 0.003540076584941715,
  "busd-bnbchain": 0,
  "usdt-bnbchain": 0,
  "usdc-bnbchain": 0
 },
 "0xaa7C9eE0bbE02E19762792D3FF646188A4291Bc8": {
  "eth": 0.00035395676106,
  "usdt-eth": 0,
  "usdc-eth": 0,
  "matic": 0,
  "usdt-polygon": 0,
  "usdc-polygon": 0,
  "bnb": 0,
  "busd-bnbchain": 0,
  "usdt-bnbchain": 0,
  "usdc-bnbchain": 0
 },
 "0xdd50354ff5a3d1077f46134af8441c76f7ce7d41": {
  "eth": 0.00036960062286,
  "usdt-eth": 0,
  "usdc-eth": 0,
  "matic": 0,
  "usdt-polygon": 0,
  "usdc-polygon": 0,
  "bnb": 0,
  "busd-bnbchain": 0,
  "usdt-bnbchain": 0,
  "usdc-bnbchain": 0
 },
 "0x64332ceb345787a3d58000bae20e1d03cb97fa05": {
  "eth": 0,
  "usdt-eth": 0,
  "usdc-eth": 0,
  "matic": 10.760364346459,
  "usdt-polygon": 0,
  "usdc-polygon": 137.602235,
  "bnb": 0,
  "busd-bnbchain": 0,
  "usdt-bnbchain": 0,
  "usdc-bnbchain": 0
 }
}